{"cameraMode":{"drawMode":0,"name":"Shaded","section":"Shading Mode"},"sceneLighting":true,"audioPlay":false,"sceneViewState":{"m_AlwaysRefresh":false,"showFog":true,"showSkybox":true,"showFlares":true,"showImageEffects":true,"showParticleSystems":true,"showVisualEffectGraphs":true,"m_FxEnabled":true},"in2DMode":false,"pivot":{"x":-1.3565731048583985,"y":1.2932343482971192,"z":0.6171169281005859},"rotation":{"x":-0.07500028610229492,"y":0.8909029364585877,"z":-0.15964214503765107,"w":-0.4185480773448944},"size":4.879271030426025,"orthographic":false}